id,Name,Line1,Line2,Line3,Line4,Paver,Placement,Row ,Col,created_at,updated_at
8,Jeff Reed,TBD,1951-1970,1969-1970,Springfield IL,4x8,Vietnam,10,3,06/16/2016 00:00:00,06/16/2016 00:00:00
2,Nancy Jones,TBD,1896-1918,1917-1918,Atalanta GA,8x8,WWI,1,1,06/16/2016 00:00:00,06/16/2016 00:00:00
3,Adam Smith,TBD,1967-2009,2004-2007,Los Angles CA,4x4,Iraq,14,5,06/16/2016 00:00:00,06/16/2016 00:00:00
4,Adam Smith,TBD,1949-1969,2004-2007,Chicago IL,4x4,Vietnam,9,5,06/16/2016 00:00:00,06/16/2016 00:00:00
5,Frank Hill,TBD,1922-1943,1941-1943,Atalanta GA,8x8,Purple Heart,12,3,06/16/2016 00:00:00,06/16/2016 00:00:00
6,Sam Hill,TBD,1920-1943,1941-1943,Fargo ND,8x8,WWII,8,6,06/16/2016 00:00:00,06/16/2016 00:00:00
7,Allan Frank,TBD,1949-1969,1969-1969,New York NY,4x8,Vietnam,9,5,06/16/2016 00:00:00,06/16/2016 00:00:00
